urgency_rank,count,avg_age,avg_urgency_score
A: 高い,187,50.893048128342244,7.224598930481283
B: 中程度,1562,48.39820742637644,5.341869398207426
C: やや低い,4187,48.155481251492716,3.440410795318844
D: 低い,1551,43.38104448742747,1.8156028368794326
